1,ğŸš€ Ready to tackle challenges?,ğŸ˜‚ Join us! ğŸ’ª,12,0,0,12h
2,âš”ï¸ Test your skills and measure up!,ğŸ¦µ Join now! ğŸ“,12,0,0,12h
3,ğŸ“ Step into a legendary story!,âœŒï¸ğŸ† Join the adventure! ğŸŒŒ,12,0,0,12h
4,ğŸŒŒ Strengthen your abilities!,ğŸ’ª Join now! ğŸ†,12,0,0,12h
5,ğŸ¤œ Unleash your potential!,ğŸ’¥ Join the quest! ğŸ®,12,0,0,12h
6,ğŸ® Adventure awaits!,ğŸš€ Begin the journey! ğŸ’«,12,0,0,12h
7,ğŸ† Overcome challenges!,ğŸ”¥ Join now! ğŸŒŠ,12,0,0,12h
8,ğŸ’ª Discover new horizons!,ğŸš€ Forge your path! âœ¨,12,0,0,12h
9,ğŸ˜ Ready for new challenges?,ğŸŒŸ Join now! ğŸ’¥,24,0,0,24h
10,"ğŸ‰ Join the fun and be legendary!",ğŸ† Begin now! âš”ï¸,24,0,0,24h
11,ğŸ’¡ Unlock your potential!,ğŸ”“ Start journey! ğŸ’ª,24,0,0,24h
12,ğŸŒˆ Explore magical realms!,ğŸš€ Adventure awaits! âœ¨,24,0,0,24h
13,ğŸ” Hungry for adventure?,ğŸŒŸ Join us now! ğŸ´,48,0,0,48h
14,ğŸ¨ Unleash creativity!,ğŸ–Œï¸ Join now! ğŸŒŸ,48,0,0,48h
15,ğŸŒŸ Ready for a new journey?,ğŸš€ Start now! ğŸ’«,48,0,0,48h
16,ğŸŒŒ Discover the universe!,ğŸš€ Explore today! ğŸŒ ,72,0,0,72h
17,ğŸ® Level up and conquer!,ğŸš€ Join now! â›°ï¸,72,0,0,72h
18,ğŸ”¥ Ignite your passion!,ğŸŒŸ Join adventure! ğŸš€,72,0,0,72h